{
  "Overall": 0.7225877192982456,
  "Query Analyzer": {
    "Reference Resolution": 0.6666666666666666,
    "Acronym Expansion": 0.3333333333333333,
    "Context Inclusion": 1.0,
    "Overall": 0.8125
  },
  "Response Generator": {
    "Faithfulness": 0.75,
    "Answer Correctness": 0.75,
    "Answer Relevancy": 1.0,
    "Citations Real and Used": 1.0,
    "Overall": 0.875
  },
  "Retriever": {
    "Context Relevancy": 0.6929824561403509,
    "Context Recall": 0.2675438596491228,
    "Overall": 0.48026315789473684
  },
  "Total Time (seconds)": 881.9329991340637,
  "timestamp": "2025-02-09_19-43-02"
}