{
  "Overall": 0.8994106058112585,
  "Query Analyzer": {
    "Reference Resolution": 1.0,
    "Acronym Expansion": 0.6,
    "Context Inclusion": 1.0,
    "Overall": 0.8666666666666667
  },
  "Response Generator": {
    "Faithfulness": 1.0,
    "Answer Correctness": 0.9,
    "Answer Relevancy": 1.0,
    "Contradiction Acknowledgment": 0.9,
    "Citations Real and Used": 1.0,
    "Overall": 0.96
  },
  "Retriever": {
    "Context Relevancy (with all contexts)": 0.7149122807017544,
    "Context Relevancy (with best context)": 0.9649122807017544,
    "Context Recall": 0.5957308212400277,
    "Weighted Context Recall": 0.40058467828347244,
    "Overall": 0.7803215509708911
  },
  "Router": {
    "Routing Accuracy": 0.9906542056074765
  },
  "Total Time (seconds)": 65.70223498344421,
  "timestamp": "2025-04-20_12-07-07"
}